[
  {
    "op": "core/column-split",
    "description": "Split column category_name by separator",
    "engineConfig": {
      "facets": [
        {
          "type": "list",
          "name": "category_name",
          "expression": "isBlank(value).toString()",
          "columnName": "category_name",
          "invert": false,
          "selection": [
            {
              "v": {
                "v": "false",
                "l": "false"
              }
            }
          ],
          "selectNumber": false,
          "selectDateTime": false,
          "selectBoolean": false,
          "omitBlank": false,
          "selectBlank": false,
          "omitError": false,
          "selectError": false
        }
      ],
      "mode": "row-based"
    },
    "columnName": "category_name",
    "guessCellType": true,
    "removeOriginalColumn": false,
    "mode": "separator",
    "separator": "/",
    "regex": false,
    "maxColumns": 0
  },
  {
    "op": "core/row-removal",
    "description": "Remove rows",
    "engineConfig": {
      "facets": [
        {
          "type": "list",
          "name": "category_name",
          "expression": "isBlank(value).toString()",
          "columnName": "category_name",
          "invert": false,
          "selection": [
            {
              "v": {
                "v": "true",
                "l": "true"
              }
            }
          ],
          "selectNumber": false,
          "selectDateTime": false,
          "selectBoolean": false,
          "omitBlank": false,
          "selectBlank": false,
          "omitError": false,
          "selectError": false
        }
      ],
      "mode": "row-based"
    }
  },
  {
    "op": "core/mass-edit",
    "description": "Mass edit cells in column name",
    "engineConfig": {
      "facets": [
        {
          "type": "range",
          "name": "name",
          "expression": "grel:facetCount(value, \"value\", \"name\")",
          "columnName": "name",
          "from": 2,
          "to": 13,
          "selectNumeric": true,
          "selectNonNumeric": true,
          "selectError": true,
          "selectBlank": true
        }
      ],
      "mode": "row-based"
    },
    "columnName": "name",
    "expression": "value",
    "edits": [
      {
        "fromBlank": false,
        "fromError": false,
        "from": [
          "Too Faced Better Than Sex Mascara",
          "Too faced Better than Sex Mascara",
          "Too faced better than sex mascara"
        ],
        "to": "Too Faced Better Than Sex Mascara"
      },
      {
        "fromBlank": false,
        "fromError": false,
        "from": [
          "Kate Spade Wallet",
          "Kate spade wallet"
        ],
        "to": "Kate Spade Wallet"
      },
      {
        "fromBlank": false,
        "fromError": false,
        "from": [
          "Nike Air Max",
          "Nike Air Max 90"
        ],
        "to": "Nike Air Max"
      },
      {
        "fromBlank": false,
        "fromError": false,
        "from": [
          "Victoria's Secret Sports Bra",
          "Victoria's secret push-up bra"
        ],
        "to": "Victoria's Secret Sports Bra"
      },
      {
        "fromBlank": false,
        "fromError": false,
        "from": [
          "LuLaRoe OS Leggings",
          "Lularoe OS leggings"
        ],
        "to": "LuLaRoe OS Leggings"
      },
      {
        "fromBlank": false,
        "fromError": false,
        "from": [
          "Coach Wallet",
          "Coach wallet"
        ],
        "to": "Coach Wallet"
      },
      {
        "fromBlank": false,
        "fromError": false,
        "from": [
          "Michael Kors Watch",
          "Michael Kors watch"
        ],
        "to": "Michael Kors Watch"
      }
    ]
  },
  {
    "op": "core/text-transform",
    "description": "Text transform on cells in column brand_name using expression grel:if(isNull(value),'unbranded',value)",
    "engineConfig": {
      "facets": [
        {
          "type": "range",
          "name": "name",
          "expression": "grel:facetCount(value, \"value\", \"name\")",
          "columnName": "name",
          "from": 2,
          "to": 13,
          "selectNumeric": true,
          "selectNonNumeric": true,
          "selectError": true,
          "selectBlank": true
        }
      ],
      "mode": "row-based"
    },
    "columnName": "brand_name",
    "expression": "grel:if(isNull(value),'unbranded',value)",
    "onError": "keep-original",
    "repeat": false,
    "repeatCount": 10
  },
  {
    "op": "core/column-addition",
    "description": "Create column high_priced at index 11 based on column price using expression grel:if(toNumber(value)>100,1,0)",
    "engineConfig": {
      "facets": [
        {
          "type": "range",
          "name": "has_offer",
          "expression": "value",
          "columnName": "has_offer",
          "from": 0,
          "to": 1,
          "selectNumeric": false,
          "selectNonNumeric": true,
          "selectError": true,
          "selectBlank": true
        }
      ],
      "mode": "row-based"
    },
    "newColumnName": "high_priced",
    "columnInsertIndex": 11,
    "baseColumnName": "price",
    "expression": "grel:if(toNumber(value)>100,1,0)",
    "onError": "set-to-blank"
  },
  {
    "op": "core/column-addition",
    "description": "Create column has_offer at index 14 based on column item_description using expression grel:if(isNotNull(toLowercase(value).match(/.*(sale|discount|offer).*/)),1,0)",
    "engineConfig": {
      "facets": [
        {
          "type": "range",
          "name": "has_offer",
          "expression": "value",
          "columnName": "has_offer",
          "from": 0,
          "to": 1,
          "selectNumeric": false,
          "selectNonNumeric": true,
          "selectError": true,
          "selectBlank": true
        }
      ],
      "mode": "row-based"
    },
    "newColumnName": "has_offer",
    "columnInsertIndex": 14,
    "baseColumnName": "item_description",
    "expression": "grel:if(isNotNull(toLowercase(value).match(/.*(sale|discount|offer).*/)),1,0)",
    "onError": "set-to-blank"
  }
]